Rank	Target sequence	Genomic location	Strand	GC content (%)	Self-complementarity	MM0	MM1	MM2	MM3	Efficiency
1	ACTATGTATCAATGAGTAACAGG	chr4:76021277	-	30	0	0	0	0	6	44.19
2	ACTTAGATTGGAGAAATCTATGG	chr4:76021046	-	30	0	0	0	1	5	44.47
3	GAAGTGCCTTGTGTGTCACTTGG	chr4:76021092	-	50	0	0	0	0	8	57.25
4	TCCCAACCAAGTGACACACAAGG	chr4:76021086	+	50	0	0	0	0	12	71.44
5	GCCTTGTGTGTCACTTGGTTGGG	chr4:76021087	-	50	0	0	0	2	10	45.54
6	CATAAGATAAATGTGCTGAATGG	chr4:76021213	-	30	0	0	0	1	14	51.53
7	GATTGGAGAAATCTATGGCCTGG	chr4:76021041	-	45	0	0	0	1	15	49.47
8	TGCCTTGTGTGTCACTTGGTTGG	chr4:76021088	-	50	0	0	0	1	17	42.68
9	AATCTATGGCCTGGAGAAGAAGG	chr4:76021032	-	45	0	0	0	1	18	51.82
10	ATAAAAATGAGGTACTCTCCTGG	chr4:76021182	-	35	0	0	0	0	21	53.16
11	ATTTCATAAGAAACTTAGATTGG	chr4:76021058	-	20	0	0	0	0	21	44.62
12	ATGTACACTGAAAACAATATAGG	chr4:76021320	+	25	0	0	0	2	28	45.67
13	TAGTCTTTCTTAATATTTCCAGG	chr4:76021164	+	25	0	0	0	1	33	29.65
14	CTATGGCCTGGAGAAGAAGGTGG	chr4:76021029	-	55	0	0	0	2	39	66.15
15	CTAAATGTTGAAAGATCAAAAGG	chr4:76021140	-	25	0	0	0	2	40	40.80
16	CCCATGCCACCTTCTTCTCCAGG	chr4:76021023	+	60	0	0	0	6	38	39.92
17	TATATTGTTTTCAGTGTACATGG	chr4:76021318	-	25	0	0	0	7	50	54.42
18	GCCTGGAGAAGAAGGTGGCATGG	chr4:76021024	-	60	0	0	0	7	56	57.70
19	TGGTTTTCAAAATAAAAATGAGG	chr4:76021193	-	20	0	0	0	14	119	57.76